type,name,notice,furigana
不燃ゴミ,アイスノン（保冷まくら）,丈夫なビニール袋に入れて出す。,あ
不燃ゴミ,アイロン,丈夫なビニール袋に入れて出す。,あ
大型ゴミ,アイロン台,最長の辺の長さまたは最大径が30cm未満のものは「不燃ごみ」,あ
大型ゴミ,アコーディオンカーテン,,あ
大型ゴミ,雨戸・網戸（サッシ）,,あ
大型ゴミ,編み機,,あ
その他プラ,網戸の網 プラスチック製,30cm未満に切って、透明または半透明のビニール袋に入れて出す。,あ
不燃ゴミ,網戸の網 ステンレス製,丈夫なビニール袋に入れて出す。,あ
有害ゴミ,アルカリ電池,資源ごみとは袋を分けて、ビニール袋に入れて「有害」と書いて出す。（収集日は「資源ごみ」と同じ日）,あ
資源ゴミ,アルバム,ひもで縛ってまとめて出す。,あ
資源ゴミ,アルミ缶,中を洗ってきれいにして、丈夫な袋に入れて出す。,あ
リサイクルプラ,アルミコーティング袋（菓子・レトルト食品用）,中身を残さないように、きれいにして透明または半透明のビニール袋に入れて出す。,あ
不燃ゴミ,アルミはくの皿など,丈夫なビニール袋に入れて出す。,あ
不燃ゴミ,アルミホイル（食品用）,丈夫なビニール袋に入れて出す。,あ
大型ゴミ,テレビアンテナ 室外用,最長の辺の長さまたは最大径が30cm未満のものは「資源ごみ」,あ
大型ゴミ,テレビアンテナ 衛星放送用,最長の辺の長さまたは最大径が30cm未満のものは「不燃ごみ」,あ
不燃ゴミ,テレビアンテナ 室内用,丈夫なビニール袋に入れて出す。最長の辺の長さまたは最大径が30cm以上のものは「大型ごみ」,あ
大型ゴミ,アンプ,最長の辺の長さまたは最大径が30cm未満のものは「不燃ごみ」,あ
不燃ゴミ,イオン発生器,丈夫なビニール袋に入れて出す。最長の辺の長さまたは最大径が30cm以上のものは「大型ごみ」,い
大型ゴミ,衣装箱 金属製,,い
大型ゴミ,衣装箱 プラスチック製,,い
資源ゴミ,衣装箱 紙製,解体して、ひもで縛ってまとめて出す。,い
大型ゴミ,いす,最長の辺の長さまたは最大径が30cm未満のもので、木製は「可燃ごみ」、プラスチック製は「その他プラ」、金属製は「不燃ごみ」,い
不燃ゴミ,板 トタン,ひもで縛ってまとめるか、丈夫なビニール袋に入れて出す。最長の辺の長さまたは最大径が1m以上のものは「大型ごみ」,い
その他プラ,板 プラスチック製,30cm未満に切って、透明または半透明のビニール袋に入れて出す。最長の辺の長さまたは最大径が30cm以上1m未満のものは「不燃ごみ」、1m以上は「大型ごみ」,い
可燃ゴミ,板 木製,30cm未満に切って、ひもで縛ってまとめて出す。最長の辺の長さまたは最大径が30cm以上のものは「大型ごみ」,い
大型ゴミ,一輪車,,い
資源ゴミ,一斗缶,内容物を取り除いて、ごみであることがわかるような表示等をして出す。中身が残っているものは、市では収集できません。（処分業者等へ処分を依頼）,い
不燃ゴミ,犬の首輪　,丈夫なビニール袋に入れて出す。,い
可燃ゴミ,医薬品（固形のもの）,丈夫な紙袋に入れて出す。,い
資源ゴミ,衣類,ひもで縛ってまとめるか、丈夫な袋に入れて出す。リサイクルプラザでの引き取りもあり。フリーマーケットの活用も検討してみてください。,い
家電リサイクル法対象機器,衣類乾燥機,,い
不燃ゴミ,入れ歯,丈夫なビニール袋に入れて出す。,い
可燃ゴミ,印鑑 木製,丈夫な紙袋に入れて出す。,い
その他プラ,印鑑 プラスチック製,透明または半透明のビニール袋に入れて出す。,い
不燃ゴミ,印鑑 木製・プラスチック製以外,丈夫なビニール袋に入れて出す。,い
その他プラ,インクカートリッジ（パソコン・ワープロ用）,透明または半透明のビニール袋に入れて出す。できるだけ販売店などの店頭回収を利用してください。,い
その他プラ,インクリボン（パソコン・ワープロ用）,透明または半透明のビニール袋に入れて出す。,い
大型ゴミ,ウィンドファン,エアコン（クーラー）でないことをメーカー等にご確認ください。,う
不燃ゴミ,植木の土,少量ずつ、丈夫なビニール袋に入れて出す。量が多い場合は、小分けにして、1回に2、3袋ずつ出してください。,う
不燃ゴミ,植木鉢 素焼き,丈夫なビニール袋に入れて出す。最長の辺の長さまたは最大径が30cm以上のものは「大型ごみ」,う
その他プラ,植木鉢 プラスチック製,透明または半透明のビニール袋に入れて出す。最長の辺の長さまたは最大径が30cm以上のものは「大型ごみ」,う
その他プラ,ウエットスーツ,30cm未満に切って、透明または半透明のビニール袋に入れて出す。切断が難しい場合は、おりたたんで「不燃ごみ」,う
その他プラ,浮き輪,透明または半透明のビニール袋に入れて出す。,う
大型ゴミ,臼,,う
可燃ゴミ,うちわ 木製,丈夫な紙袋に入れて出す。,う
その他プラ,うちわ プラスチック製,透明または半透明のビニール袋に入れて出す。,う
大型ゴミ,乳母車,,う
大型ゴミ,ウレタンマット 寝具,,う
その他プラ,ウレタンマット 浴室用,30cm未満に切って、透明または半透明のビニール袋に入れて出す。最長の辺の長さまたは最大径が30cm以上1m未満のものは「不燃ごみ」、1m以上は「大型ごみ」,う
家電リサイクル法対象機器,エアコン（クーラー）  ,,え
可燃ゴミ,枝（庭木の剪定ごみ）,50cm程度に切って、ひもで束ねて少しずつ（1回の収集日に2束程度）出す。太さは概ね生木5cm以下、乾燥木10cm以下まで一度に多量に出されると、市では収集できません。（自己搬入または許可業者へ依頼）,え
資源ゴミ,枝切りバサミ,刃を新聞紙などで包んで、丈夫な袋に入れて「危険」と書いて出す。,え
不燃ゴミ,絵の具のチューブ（金属製）,中身を使いきって、丈夫なビニール袋に入れて出す。,え
その他プラ,MD（ミニディスク）,透明または半透明のビニール袋に入れて出す。,え
不燃ゴミ,LED電球・LED蛍光管,丈夫なビニール袋に入れて出す。,え
大型ゴミ,エレクトーン,,え
不燃ゴミ,延長コード（室内用）,丈夫なビニール袋に入れて出す。,え
可燃ゴミ,鉛筆・鉛筆の芯,丈夫な紙袋に入れて出す。,え
その他プラ,オアシス（生花用吸水スポンジ）,透明または半透明のビニール袋に入れて出す。,お
大型ゴミ,応接セット,,お
可燃ゴミ,置物 木製,丈夫な紙袋に入れて出す。最長の辺の長さまたは最大径が30cm以上のものは「大型ごみ」,お
不燃ゴミ,置物 陶磁器製,丈夫なビニール袋に入れて出す。最長の辺の長さまたは最大径が30cm以上のものは「大型ごみ」,お
その他プラ,置物 プラスチック製,透明または半透明のビニール袋に入れて出す。最長の辺の長さまたは最大径が30cm以上のものは「大型ごみ」,お
不燃ゴミ,押しピン　,新聞紙などに包んで、丈夫なビニール袋に入れて「危険」と書いて出す。,お
その他プラ,押しピンのプラスチックケース,透明または半透明のビニール袋に入れて出す。,お
資源ゴミ,お玉（しゃくし） 金属製,丈夫な袋に入れて出す。,お
その他プラ,お玉（しゃくし） プラスチック製,透明または半透明のビニール袋に入れて出す。,お
―,オートバイ（バイク、スクーター）及びその部品,,お
大型ゴミ,オーブントースター,最長の辺の長さまたは最大径が30cm未満のものは「不燃ごみ」,お
大型ゴミ,オーブンレンジ,,お
大型ゴミ,おまる（便器）,,お
資源ゴミ,おもちゃ 金属製,丈夫な袋に入れて出す。最長の辺の長さまたは最大径が30cm以上のもので、子供が乗り、または入る構造のものは「大型ごみ」,お
可燃ゴミ,おもちゃ 木製,丈夫な紙袋に入れて出す。最長の辺の長さまたは最大径が30cm以上のもので、子供が乗り、または入る構造のものは「大型ごみ」,お
その他プラ,おもちゃ プラスチック製,透明または半透明のビニール袋に入れて出す。最長の辺の長さまたは最大径が30cm以上のもので、子供が乗り、または入る構造のものは「大型ごみ」,お
不燃ゴミ,おもちゃ その他（複合素材）,丈夫なビニール袋に入れて出す。最長の辺の長さまたは最大径が30cm以上のもので、子供が乗り、または入る構造のものは「大型ごみ」,お
大型ゴミ,オルガン,,お
不燃ゴミ,オルゴール,丈夫なビニール袋に入れて出す。最長の辺の長さまたは最大径が30cm以上のものは「大型ごみ」,お
有害ゴミ,温度計 水銀使用のもの,資源ごみとは袋を分けて、ビニール袋に入れて「有害」と書いて出す。（収集日は「資源ごみ」と同じ日）,お
不燃ゴミ,温度計 その他（電子式等）,丈夫なビニール袋に入れて出す。,お
可燃ゴミ,貝殻・かき殻,丈夫な紙袋に入れて出す。,か
不燃ゴミ,懐中電灯 金属製,丈夫なビニール袋に入れて出す。乾電池は「有害ごみ」,か
不燃ゴミ,懐中電灯 プラスチック製,丈夫なビニール袋に入れて出す。乾電池は「有害ごみ」,か
不燃ゴミ,カイロ 使い捨て,使用してから、丈夫なビニール袋に入れて出す。,か
不燃ゴミ,カイロ 金属製,丈夫なビニール袋に入れて出す。,か
---,化学薬品,,か
不燃ゴミ,鏡,丈夫なビニール袋に入れて出す。最長の辺の長さまたは最大径が30cm以上のものは「大型ごみ」,か
大型ゴミ,家具（たんす・ベッド・ソファー等大型家具）,,か
大型ゴミ,学習机,,か
大型ゴミ,額縁 木製,最長の辺の長さまたは最大径が30cm未満のものは、枠は「可燃ごみ」、ガラスは「資源ごみ」,か
大型ゴミ,額縁 プラスチック製,最長の辺の長さまたは最大径が30cm未満のものは、枠は「その他プラ」、ガラスは「資源ごみ」,か
大型ゴミ,掛け布団,,か
不燃ゴミ,傘,ひもで縛ってまとめるか、丈夫なビニール袋に入れて出す。,か
大型ゴミ,加湿器,最長の辺の長さまたは最大径が30cm未満のものは「不燃ごみ」,か
資源ゴミ,菓子箱,折り畳み、ひもで縛って出す。,か
リサイクルプラ,菓子袋 プラスチック製,透明または半透明のビニール袋に入れて出す。,か
可燃ゴミ,菓子袋 紙製,丈夫な紙袋に入れて出す。,か
大型ゴミ,ガスコンロ・ガステーブル,最長の辺の長さまたは最大径が30cm未満のものは「資源ごみ」,か
資源ゴミ,ガスボンベ 家庭用スプレー式,必ず使いきって、火の気のない風通しの良い屋外で穴をあけて、丈夫な袋に入れて出す。,か
---,ガスボンベ プロパンガス用,,か
資源ゴミ,カセット(卓上)コンロ,丈夫な袋に入れて出す。最長の辺の長さまたは最大径が30cm以上のものは「大型ごみ」,か
その他プラ,カセットテープ,透明または半透明のビニール袋に入れて出す。,か
その他プラ,カセットテープのケース,透明または半透明のビニール袋に入れて出す。,か
大型ゴミ,カセットテープレコーダー,最長の辺の長さまたは最大径が30cm未満のものは「不燃ごみ」,か
資源ゴミ,楽器 金属製,丈夫な袋に入れて出す。最長の辺の長さまたは最大径が30cm以上のものは「大型ごみ」,か
可燃ゴミ,楽器 木製,丈夫な紙袋に入れて出す。最長の辺の長さまたは最大径が30cm以上のものは「大型ごみ」,か
その他プラ,楽器 プラスチック製,透明または半透明のビニール袋に入れて出す。最長の辺の長さまたは最大径が30cm以上のものは「大型ごみ」,か
不燃ゴミ,楽器 その他(複合素材),丈夫なビニール袋に入れて出す。最長の辺の長さまたは最大径が30cm以上のものは「大型ごみ」,か
その他プラ,カット練習用マネキン（家庭用）,透明または半透明のビニール袋に入れて出す。最長の辺の長さまたは最大径が30cm以上のものは「大型ごみ」 ,か
その他プラ,かっぱ(雨がっぱ),透明または半透明のビニール袋に入れて出す。,か
リサイクルプラ,カップ麺の容器・外装フィルム,透明または半透明のビニール袋に入れて出す。紙製の容器は「可燃ごみ」,か
資源ゴミ,カーテン(アコーディオンカーテンを除く),ひもで縛ってまとめるか、丈夫な袋に入れて出す。,か
資源ゴミ,カーテンレール 金属製,ひもで縛ってまとめるか、丈夫な袋に入れて出す。長さが1m以上のものは「大型ごみ」,か
可燃ゴミ,カーテンレール 木製,30cm未満に切って、ひもで束ねて出すか、丈夫な紙袋に入れて出す。長さが1m以上のものは「大型ごみ」,か
その他プラ,カード類(バスカード・テレホンカード等),透明または半透明のビニール袋に入れて出す。,か
大型ゴミ,カーペット,30cm未満に切って小さくした場合は「その他プラ」,か
可燃ゴミ,カーボン紙,丈夫な紙袋に入れて出す。,か
資源ゴミ,かま(鎌),刃を新聞紙などで包んで、丈夫な袋に入れて「危険」と書いて出す。,か
可燃ゴミ,紙おむつ,汚物は便所に捨て、丈夫な紙袋に入れて出す。,か
不燃ゴミ,かみそりの刃カッターナイフの刃,新聞紙などに包んで、丈夫なビニール袋に入れて「危険」と書いて出す。,か
可燃ゴミ,紙粘土,丈夫な紙袋に入れて出す。その他の粘土は「不燃ごみ」,か
可燃ゴミ,紙パック,丈夫な紙袋に入れて出す。,か
可燃ゴミ,紙パック(裏にアルミ箔が貼ってあるもの),丈夫な紙袋に入れて出す。,か
資源ゴミ,かばん(バッグ) 布製,丈夫な袋に入れて出す。スーツケースは「大型ごみ」,か
その他プラ,かばん(バッグ) ビニール製,透明または半透明のビニール袋に入れて出す。スーツケースは「大型ごみ」,か
不燃ゴミ,かばん(バッグ) 皮革製,丈夫なビニール袋に入れて出す。スーツケースは「大型ごみ」,か
不燃ゴミ,カメラ,丈夫なビニール袋に入れて出す。,か
大型ゴミ,カラオケの演奏装置,最長の辺の長さまたは最大径が30cm未満のものは「不燃ごみ」,か
不燃ゴミ,ガラス 耐熱ガラス,丈夫なビニール袋に入れて出す。最長の辺の長さまたは最大径が30cm以上のものは「大型ごみ」耐熱ガラスは、溶解温度が違うため、他のガラス類といっしょにリサイクルができません。,か
資源ゴミ,ガラス その他のガラス,丈夫な袋に入れて出す。最長の辺の長さまたは最大径が30cm以上のものは「大型ごみ」耐熱ガラスは、溶解温度が違うため、他のガラス類といっしょにリサイクルができません。,か
不燃ゴミ,瓦,少量ずつ(2、3枚程度)、丈夫なビニール袋に入れて出す。一度に多量に出されると、市では収集できません。(自己搬入または許可業者へ依頼),か
資源ゴミ,缶 空き缶,中を洗ってきれいにして、丈夫な袋に入れて出す。,か
---,缶 中身の入っている油缶・塗料缶,,か
大型ゴミ,換気扇,最長の辺の長さまたは最大径が30cm未満のものは「不燃ごみ」,か
その他プラ,換気扇のフィルター プラスチック製,透明または半透明のビニール袋に入れて出す。,か
不燃ゴミ,換気扇のフィルター 金属製,丈夫なビニール袋に入れて出す。,か
可燃ゴミ,感光式・感熱式の記録紙,丈夫な紙袋に入れて出す。,か
可燃ゴミ,乾燥剤,丈夫な紙袋に入れて出す。ピアノに入っているような多量のものは、回収業者に引き取ってもらってください。,か
---,機械油,,き
可燃ゴミ,木くず(庭木せん定木),50cm程度に切って、ひもで束ねて少しずつ出す。(1回の収集日に2束程度ずつ)一度に多量に出されると、市では収集できません。(自己搬入または許可業者へ依頼),き
大型ゴミ,ギター,,き
不燃ゴミ,キッチンスケール(はかり) 金属製,丈夫なビニール袋に入れて出す。,き
不燃ゴミ,キッチンスケール(はかり) プラスチック製,丈夫なビニール袋に入れて出す。,き
その他プラ,キッチンマット,30cm未満に切って、透明または半透明のビニール袋に入れて出す。切断が難しい場合は、ひもなどで束ねて「不燃ごみ」,き
大型ゴミ,キッチンワゴン,,き
可燃ゴミ,木槌(さい槌),丈夫な紙袋に入れて出す。,き
大型ゴミ,キーボード 楽器,最長の辺の長さまたは最大径が30cm未満のものは「不燃ごみ」,き
大型ゴミ,キーボード パソコン用,最長の辺の長さまたは最大径が30cm未満のものは「不燃ごみ」,き
大型ゴミ,脚立(はしご),,き
可燃ゴミ,救急箱 木製,丈夫な紙袋に入れて出す。最長の辺の長さまたは最大径が30cm以上のものは「大型ごみ」,き
その他プラ,救急箱 プラスチック製,透明または半透明のビニール袋に入れて出す。最長の辺の長さまたは最大径が30cm以上のものは「大型ごみ」,き
不燃ゴミ,急須（陶磁器製）,丈夫なビニール袋に入れて出す。,き
可燃ゴミ,牛乳パック,丈夫な紙袋に入れて出す。できるだけスーパーなどの店頭回収を利用してください。,き
大型ゴミ,鏡台,,き
---,金庫(耐火金庫),,き
 ,   ,,く
大型ゴミ,空気清浄機,最長の辺の長さまたは最大径が30cm未満のものは「不燃ごみ」,く
不燃ゴミ,空気つぎ,丈夫なビニール袋に入れて出す。,く
不燃ゴミ,釘,新聞紙などに包んで、丈夫なビニール袋に入れて「危険」と書いて出す。,く
可燃ゴミ,草(花殻),丈夫な紙袋に入れて出す。,く
---,草刈り機（家庭用） エンジン式,,く
大型ゴミ,草刈り機（家庭用） 電動,最長の辺の長さまたは最大径が30cm未満のものは「不燃ごみ」,く
可燃ゴミ,くすり(家庭用医薬品),丈夫な紙袋に入れて出す。,く
可燃ゴミ,串 木製,先をつぶして、丈夫な紙袋に入れて出す。,く
資源ゴミ,串 金属製,ひもで縛ってまとめるか、丈夫な袋に入れて出す。,く
 ,   ,,く
その他プラ,靴 運動靴・革靴・スリッパ・サンダル等,透明または半透明のビニール袋に入れて出す。,く
不燃ゴミ,靴 安全靴・スキー靴等,丈夫なビニール袋に入れて出す。,く
資源ゴミ,くつした,ひもで縛ってまとめるか、丈夫な袋に入れて出す。,く
可燃ゴミ,クッション 中身がそば殻・羽毛等,丈夫な紙袋に入れて出す。,く
その他プラ,クッション 中身がプラスチックチップやスポンジ等,透明または半透明のビニール袋に入れて出す。,く
家電リサイクル法対象機器,クーラー(エアコン),,く
不燃ゴミ,クーラーボックス ボックス・バッグ,丈夫なビニール袋に入れて出す。最長の辺の長さまたは最大径が30cm以上のものは「大型ごみ」,く
その他プラ,クーラーボックス 発泡スチロール製,30cm未満に切って、透明または半透明のビニール袋に入れて出す。,く
その他プラ,クリーニングの袋,透明または半透明のビニール袋に入れて出す。,く
大型ゴミ,車いす,,く
不燃ゴミ,クレヨン,丈夫なビニール袋に入れて出す。,く
不燃ゴミ,グローブ・ミット(野球用),丈夫なビニール袋に入れて出す。,く
資源ゴミ,くわ,刃は丈夫な袋に入れて出す。木製の柄は50cm程度に切断して、可燃ごみで出す。長さが1m以上のものは「大型ごみ」,く
 ,   ,,け
可燃ゴミ,毛(髪の毛),丈夫な紙袋に入れて出す。,け
有害ゴミ,蛍光管,資源ごみとは袋を分けて、ビニール袋に入れて「有害」と書いて出す。（収集日は「資源ごみ」と同じ日）できるだけ販売店などの店頭回収を利用してください。,け
その他プラ,蛍光ペン,透明または半透明のビニール袋に入れて出す。,け
不燃ゴミ,携帯電話,丈夫なビニール袋に入れて出す。できるだけ販売店に引き取ってもらってください。,け
可燃ゴミ,毛糸,丈夫な紙袋に入れて出す。,け
不燃ゴミ,化粧品の容器 乳白色びんとマニキュアのびん,丈夫なビニール袋に入れて出す。,け
資源ゴミ,化粧品の容器 乳白色びんとマニキュアのびん以外のびん,中を洗ってきれいにして、丈夫な袋に入れて出す。平成23年度から分別区分が「資源ごみ」になりました。,け
リサイクルプラ,化粧品の容器 プラスチック製,透明または半透明のビニール袋に入れて出す。,け
その他プラ,ケース(CD・MD・カセットテープ・ビデオテープ用),透明または半透明のビニール袋に入れて出す。,け
可燃ゴミ,下駄,丈夫な紙袋に入れて出す。,け
大型ゴミ,げた箱,,け
不燃ゴミ,血圧計（電動）,丈夫なビニール袋に入れて出す。,け
不燃ゴミ,ゲーム機,丈夫なビニール袋に入れて出す。最長の辺の長さまたは最大径が30cm以上のものは「大型ごみ」,け
その他プラ,ゲームソフト プラスチック製,透明または半透明のビニール袋に入れて出す。,け
その他プラ,ゲームソフト CD・DVD,透明または半透明のビニール袋に入れて出す。,け
その他プラ,玄関マット プラスチック製,30cm未満に切って、透明または半透明のビニール袋に入れて出す。切断が難しい場合は、ひもなどで束ねて「不燃ごみ」,け
大型ゴミ,玄関マット 金属製,最長の辺の長さまたは最大径が30cm未満のものは「不燃ごみ」,け
その他プラ,剣山 プラスチック製,透明または半透明のビニール袋に入れて出す。,け
資源ゴミ,剣山 金属製,丈夫な袋に入れて出す。,け
 ,   ,,こ
不燃ゴミ,小石,少量ずつ、丈夫なビニール袋に入れて出す。量が多い場合は、小分けにして、1回に2、3袋ずつ出してください。,こ
資源ゴミ,工具(家庭用) 金属製,丈夫な袋に入れて出す。,こ
資源ゴミ,工具(家庭用) 刃物等,刃を新聞紙などで包んで、丈夫な袋に入れて「危険」と書いて出す。,こ
不燃ゴミ,工具(家庭用) 電動,丈夫なビニール袋に入れて出す。最長の辺の長さまたは最大径が30cm以上のものは「大型ごみ」,こ
可燃ゴミ,ござ 畳表等,50cm程度に切って、丸めて(折り畳んで)ひもで束ねて出す。最長の辺の長さが1m以上のものは「大型ごみ」,こ
その他プラ,ござ ビニール製,30cm未満に切って、透明または半透明のビニール袋に入れて出す。最長の辺の長さが30cm以上1m未満のものは「不燃ごみ」、1m以上のものは「大型ごみ」,こ
大型ゴミ,こたつ(こたつ板を含む),,こ
不燃ゴミ,コード(電気コード),ひもで縛ってまとめるか、丈夫なビニール袋に入れて出す。,こ
不燃ゴミ,コードリール,丈夫なビニール袋に入れて出す。最長の辺の長さまたは最大径が30cm以上のものは「大型ごみ」,こ
不燃ゴミ,コーヒーメーカー,丈夫なビニール袋に入れて出す。最長の辺の長さまたは最大径が30cm以上のものは「大型ごみ」,こ
品目「将棋盤・碁盤」に掲載しています。  ,碁盤,,こ
大型ゴミ,コピー機（家庭用）,業務用のように大きなものは、メーカー等にご相談ください。,こ
大型ゴミ,ごみ箱（プラスチック製）,最長の辺の長さまたは最大径が30cm未満のものは「その他プラ」,こ
その他プラ,ゴム製品,透明または半透明のビニール袋に入れて出す。最長の辺の長さまたは最大径が30cm以上のものは「大型ごみ」 ,こ
その他プラ,ゴムホース,30cm未満に切って、透明または半透明のビニール袋に入れて出す。切断が難しい場合は、ひもなどで束ねて「不燃ごみ」,こ
大型ゴミ,米びつ,最長の辺の長さまたは最大径が30cm未満のものは「不燃ごみ」,こ
大型ゴミ,ゴルフ用品 クラブ,,こ
大型ゴミ,ゴルフ用品 バッグ,,こ
その他プラ,ゴルフ用品 ボール,透明または半透明のビニール袋に入れて出す。,こ
大型ゴミ,コンパクトディスク(CD)プレーヤー,最長の辺の長さまたは最大径が30cm未満のものは「不燃ごみ」,こ
大型ゴミ,座いす,,さ
大型ゴミ,サイクリング機,,さ
その他プラ,サインペン,透明または半透明のビニール袋に入れて出す。,さ
資源ゴミ,酒の容器 ガラス製,中を洗ってきれいにして、丈夫な袋に入れて出す。できるだけ販売店に引き取ってもらってください。,さ
可燃ゴミ,酒の容器 紙製,丈夫な紙袋に入れて出す。,さ
ペットボトル,酒の容器 ペットボトル,キャップとラベルをはずして中を洗い、軽くつぶして、透明又は半透明のビニール袋に入れて出す。キャップとラベルはリサイクルプラ(紙ラベルは可燃ごみ),さ
大型ゴミ,座卓,,さ
大型ゴミ,サッシ(雨戸・網戸),,さ
資源ゴミ,雑誌,ひもで縛ってまとめて出す。,さ
可燃ゴミ,座布団 綿入り,丈夫な紙袋に入れて出す。,さ
その他プラ,座布団 スポンジ・ウレタン等,30cm未満に切って、透明または半透明のビニール袋に入れて出す。,さ
大型ゴミ,サーフボード,,さ
不燃ゴミ,皿 陶磁器製,丈夫なビニール袋に入れて出す。,さ
不燃ゴミ,皿 耐熱ガラス製,丈夫なビニール袋に入れて出す。耐熱ガラスは、溶解温度が違うため、他のガラス類といっしょにリサイクルができません。,さ
その他プラ,皿 プラスチック製,透明または半透明のビニール袋に入れて出す。,さ
可燃ゴミ,皿 紙製・木製,丈夫な紙袋に入れて出す。,さ
その他プラ,サンダル,透明または半透明のビニール袋に入れて出す。,さ
大型ゴミ,三輪自転車,,さ
大型ゴミ,三輪車,,さ
資源ゴミ,シーツ,ひもで縛ってまとめるか、丈夫な袋に入れて出す。,し
その他プラ,CD(コンパクトディスク) CD,透明または半透明のビニール袋に入れて出す。,し
その他プラ,CD(コンパクトディスク) ケース,透明または半透明のビニール袋に入れて出す。,し
大型ゴミ,敷きパッド,30cm未満に切れるものは「その他プラ」、最長の辺の長さまたは最大径が30cm以上1m未満のものは「不燃ごみ」,し
不燃ゴミ,磁石,丈夫なビニール袋に入れて出す。,し
不燃ゴミ,七輪・火鉢,丈夫なビニール袋に入れて出す。最長の辺の長さまたは最大径が30cm以上のものは「大型ごみ」,し
可燃ゴミ,湿布,丈夫な紙袋に入れて出す。,し
大型ゴミ,自転車,収集を予約される場合、収集運搬手数料は大人用も子供用も一律です。,し
不燃ゴミ,自転車用品 タイヤ,丈夫なビニール袋に入れて出す。,し
その他プラ,自転車用品 チューブ,透明または半透明のビニール袋に入れて出す。,し
その他プラ,自転車(バイク、車)のカバー,30cm未満に切って、透明または半透明のビニール袋に入れて出す。切断が難しい場合は、折りたたんで、ひもなどで縛って「不燃ごみ」,し
---,自動車及びその部品,,し
可燃ゴミ,写真(ポラロイド写真),丈夫な紙袋に入れて出す。,し
不燃ゴミ,シャープペンシル 金属製,丈夫なビニール袋に入れて出す。,し
その他プラ,シャープペンシル プラスチック製,透明または半透明のビニール袋に入れて出す。,し
資源ゴミ,ジャッキ,丈夫な袋に入れて出す。最長の辺の長さまたは最大径が30cm以上のものは「大型ごみ」,し
不燃ゴミ,ジューサー,丈夫なビニール袋に入れて出す。最長の辺の長さまたは最大径が30cm以上のものは「大型ごみ」,し
大型ゴミ,じゅうたん,30cm未満に切って小さくした場合、化繊は「その他プラ」、天然素材は「可燃ごみ」,し
資源ゴミ,ジュースの容器 金属製・ガラス製,中を洗ってきれいにして、丈夫な袋に入れて出す。,し
ペットボトル,ジュースの容器 ペットボトル,キャップとラベルをはずして中を洗い、軽くつぶして、透明又は半透明のビニール袋に入れて出す。キャップとラベルはリサイクルプラ(紙ラベルは可燃ごみ),し
可燃ゴミ,ジュースの容器 紙製,丈夫な紙袋に入れて出す。,し
可燃ゴミ,シュレッダーにかけた紙,丈夫な紙袋に入れて出す。,し
大型ゴミ,瞬間湯沸機,,し
資源ゴミ,消火器 使用済,丈夫な袋に入れて出す。,し
---,消火器 未使用,,し
可燃ゴミ,将棋盤・碁盤 木製,丈夫な紙袋に入れて出す。最長の辺の長さまたは最大径が30cm以上のもの、盤の厚さが10cm以上のものは「大型ごみ」,し
その他プラ,将棋盤・碁盤 プラスチック製,透明または半透明のビニール袋に入れて出す。最長の辺の長さまたは最大径が30cm以上のものは「大型ごみ」,し
可燃ゴミ,定規 木製・竹製,丈夫な紙袋に入れて出す。,し
その他プラ,定規 プラスチック製,透明または半透明のビニール袋に入れて出す。,し
資源ゴミ,定規 金属製,丈夫な袋に入れて出す。,し
大型ゴミ,障子,,し
不燃ゴミ,浄水器,丈夫なビニール袋に入れて出す。最長の辺の長さまたは最大径が30cm以上のものは「大型ごみ」,し
大型ゴミ,照明器具,最長の辺の長さまたは最大径が30cm未満のものは「不燃ごみ」,し
資源ゴミ,しょうゆの容器 ガラス製,中を洗ってきれいにして、丈夫な袋に入れて出す。,し
ペットボトル,しょうゆの容器 ペットボトル,キャップとラベルをはずして中を洗い、軽くつぶして、透明または半透明のビニール袋に入れて出す。キャップとラベルはリサイクルプラ(紙ラベルは可燃ごみ),し
可燃ゴミ,しょうゆの容器 紙製,丈夫な紙袋に入れて出す。,し
可燃ゴミ,食用油(てんぷら油),布や新聞紙などにしみ込ませて出す。使用済みの天ぷら油は、回収可能な店等に持参すると、リサイクルされます。,し
資源ゴミ,食用油の容器 金属製・ガラス製,中を洗ってきれいにして、丈夫な袋に入れて出す。,し
リサイクルプラ,食用油の容器 プラスチック製,キャップとラベルをはずして中を洗い、透明または半透明のビニール袋に入れて出す。キャップとラベルはリサイクルプラ(紙ラベルは可燃ごみ),し
大型ゴミ,除湿機,最長の辺の長さまたは最大径が30cm未満のものは「不燃ごみ」,し
大型ゴミ,食器洗機,,し
大型ゴミ,食器乾燥機,,し
大型ゴミ,食器棚,,し
可燃ゴミ,人工透析の容器(家庭用),中を洗ってきれいにして、紙袋に入れて出す。,し
資源ゴミ,新聞紙,ひもで縛ってまとめて出す。,し
可燃ゴミ,吸い殻,丈夫な紙袋に入れて出す。,す
大型ゴミ,水槽 ガラス製,最長の辺の長さまたは最大径が30cm未満のものは「資源ごみ」,す
大型ゴミ,水槽 プラスチック製,最長の辺の長さまたは最大径が30cm未満のものは「その他プラ」,す
その他プラ,水筒 プラスチック製,透明または半透明のビニール袋に入れて出す。,す
資源ゴミ,水筒 金属製,丈夫な袋に入れて出す。,す
大型ゴミ,炊飯器(保温ジャー),最長の辺の長さまたは最大径が30cm未満のものは「不燃ごみ」,す
---,スクーター及びその部品,,す
大型ゴミ,スキー板・ストック,,す
不燃ゴミ,スキーブーツ,丈夫なビニール袋に入れて出す。,す
資源ゴミ,スコップ,刃は丈夫な袋に入れて出す。木製の柄は50cm程度に切断して、可燃ごみで出す。長さが1m以上のものは「大型ごみ」,す
大型ゴミ,すだれ,最長の辺の長さが1m未満の場合、天然素材は「可燃ごみ」、ビニール製は「不燃ごみ」,す
資源ゴミ,スチール缶,中を洗ってきれいにして、丈夫な袋に入れて出す。,す
大型ゴミ,スーツケース,,す
大型ゴミ,ステレオ(スピーカー),最長の辺の長さまたは最大径が30cm未満のものは「不燃ごみ」,す
資源ゴミ,ストッキング,ひもで縛ってまとめるか、丈夫な袋に入れて出す。,す
大型ゴミ,ストーブ,危険なので、必ず灯油を抜いて出してください。,す
その他プラ,ストロー,透明または半透明のビニール袋に入れて出す。,す
大型ゴミ,すのこ 木製,最長の辺の長さまたは最大径が30cm未満のものは「可燃ごみ」,す
大型ゴミ,すのこ プラスチック製,最長の辺の長さまたは最大径が30cm未満のものは「その他プラ」,す
大型ゴミ,スノーボード,,す
大型ゴミ,スピーカー,最長の辺の長さまたは最大径が30cm未満のものは「不燃ごみ」,す
資源ゴミ,スプレー缶,必ず使いきって、火の気のない風通しの良い屋外で穴をあけて、丈夫な袋に入れて出す。中身が残っているものは、市では収集できません。(処分業者等へ処分を依頼),す
大型ゴミ,すべり台,,す
その他プラ,スポンジ,透明または半透明のビニール袋に入れて出す。,す
大型ゴミ,ズボンプレッサー,,す
その他プラ,スリッパ(サンダル),透明または半透明のビニール袋に入れて出す。,す
資源ゴミ,セーター,丈夫な袋に入れて出す。,せ
不燃ゴミ,せともの,丈夫なビニール袋に入れて出す。最長の辺の長さまたは最大径が30cm以上のものは「大型ごみ」 ,せ
不燃ゴミ,セラミックヒーター,丈夫なビニール袋に入れて出す。最長の辺の長さまたは最大径が30cm以上のものは「大型ごみ」,せ
リサイクルプラ,洗剤の容器 プラスチック製,キャップとラベルをはずして中を洗い、透明または半透明のビニール袋に入れて出す。キャップとラベルはリサイクルプラ(紙ラベルは可燃ごみ),せ
可燃ゴミ,洗剤の容器 紙製,丈夫な紙袋に入れて出す。,せ
家電リサイクル法対象機器,洗濯機,,せ
大型ゴミ,扇風機,最長の辺の長さまたは最大径が30cm未満のものは「不燃ごみ」,せ
資源ゴミ,洗面器 金属製,ひもで縛ってまとめるか、丈夫な袋に入れて出す。最長の辺の長さまたは最大径が30cm以上のものは「大型ごみ」,せ
その他プラ,洗面器 プラスチック製,透明または半透明のビニール袋に入れて出す。最長の辺の長さまたは最大径が30cm以上のものは「大型ごみ」,せ
大型ゴミ,洗面台,,せ
不燃ゴミ,造花,丈夫なビニール袋に入れて出す。,そ
不燃ゴミ,双眼鏡,丈夫なビニール袋に入れて出す。,そ
大型ゴミ,掃除機,,そ
その他プラ,ぞうり,透明または半透明のビニール袋に入れて出す。,そ
資源ゴミ,ソースの容器 ガラス製,中を洗ってきれいにして、丈夫な袋に入れて出す。,そ
リサイクルプラ,ソースの容器 プラスチック製,キャップとラベルをはずして中を洗い、透明または半透明のビニール袋に入れて出す。キャップとラベルはリサイクルプラ(紙ラベルは可燃ごみ),そ
可燃ゴミ,ソースの容器 紙製,丈夫な紙袋に入れて出す。,そ
大型ゴミ,ソファー,,そ
可燃ゴミ,そろばん 木製,丈夫な紙袋に入れて出す。,そ
その他プラ,そろばん プラスチック製,透明または半透明のビニール袋に入れて出す。,そ
有害ゴミ,体温計 水銀式,資源ごみとは袋を分けて、ビニール袋に入れて「有害」と書いて出す。（収集日は「資源ごみ」と同じ日）,た
不燃ゴミ,体温計 デジタル式,丈夫なビニール袋に入れて出す。,た
不燃ゴミ,耐熱ガラス,丈夫なビニール袋に入れて出す。耐熱ガラスは、溶解温度が違うため、他のガラス類といっしょにリサイクルができません。,た
---,タイヤ(自動車),,た
資源ゴミ,タイヤチェーン 鉄製(ケースなし),ひもで縛ってまとめるか、丈夫な袋に入れて出す。,た
不燃ゴミ,タイヤチェーン ゴム・プラスチック製,丈夫なビニール袋に入れて出す。,た
大型ゴミ,タイヤチェーン ケース入り,最長の辺の長さまたは最大径が30cm未満のものは「不燃ごみ」,た
不燃ゴミ,タイル,丈夫なビニール袋に入れて出す。一度に多量に出されると、市では収集できません。(自己搬入または許可業者へ依頼),た
資源ゴミ,ダイレクトメール(ちらし),ひもで縛ってまとめるか、丈夫な袋に入れて出す。住所、氏名などの個人情報のある部分は、切り取って「可燃ごみ」,た
資源ゴミ,タオルケット,丈夫な袋に入れて出す。,た
資源ゴミ,卓上(カセット)コンロ,丈夫な袋に入れて出す。最長の辺の長さまたは最大径が30cm以上のものは「大型ごみ」,た
可燃ゴミ,竹串,先をつぶして、丈夫な紙袋に入れて出す。,た
大型ゴミ,畳,,た
大型ゴミ,建具,,た
その他プラ,タッパーウェア,透明または半透明のビニール袋に入れて出す。,た
可燃ゴミ,卵の殻,丈夫な紙袋に入れて出す。,た
リサイクルプラ,卵のパック,透明または半透明のビニール袋に入れて出す。,た
リサイクルプラ,玉ねぎの網・ネット,透明または半透明のビニール袋に入れて出す。,た
大型ゴミ,タライ 鉄製,最長の辺の長さまたは最大径が30cm未満のものは「資源ごみ」,た
大型ゴミ,タライ プラスチック製,最長の辺の長さまたは最大径が30cm未満のものは「その他プラ」,た
可燃ゴミ,たわし 天然素材,丈夫な紙袋に入れて出す。,た
資源ゴミ,たわし 金属製,丈夫な袋に入れて出す。汚れが付着して、きれいにできないものは「不燃ゴミ」,た
その他プラ,たわし プラスチック製,透明または半透明のビニール袋に入れて出す。,た
大型ゴミ,たんす,,た
資源ゴミ,ダンボール,ひもで縛ってまとめて出す。,た
 ,   ,,ち
不燃ゴミ,茶碗 陶磁器製,丈夫なビニール袋に入れて出す。  ,ち
その他プラ,茶碗 プラスチック製,透明または半透明のビニール袋に入れて出す。  ,ち
可燃ゴミ,茶碗 木製,丈夫な紙袋に入れて出す。  ,ち
大型ゴミ,チューナー,最長の辺の長さまたは最大径が30cm未満のものは「不燃ごみ」,ち
リサイクルプラ,チューブ容器(プラ製)(食料品や練り歯磨き用等),中身を使いきって、付着物を取り除いて、透明または半透明のビニール袋に入れて出す。金属製チューブは「不燃ゴミ」、プラスチック製のフタは外して「リサイクルプラ」,ち
資源ゴミ,チラシ,ひもで縛ってまとめて出す。,ち
不燃ゴミ,使い捨てカイロ,使用してから、丈夫なビニール袋に入れて出す。,つ
不燃ゴミ,使い捨てライター,必ず中身を空にして（使いきるか、または火の気のない風通しの良い屋外でガスを抜くなどして）丈夫なビニール袋に入れて出す。,つ
大型ゴミ,机(テーブル),,つ
不燃ゴミ,土（植木の土）,少量ずつ、丈夫なビニール袋に入れて出す。量が多い場合は、小分けにして、1回に2、3袋ずつ出してください。,つ
その他プラ,釣り糸,透明または半透明のビニール袋に入れて出す。,つ
可燃ゴミ,釣竿 竹製,50cm程度に切って、ひもで束ねて出すか、丈夫な紙袋に入れて出す。長さが1m以上のものは「大型ごみ」,つ
不燃ゴミ,釣竿 その他,50cm程度に切って、ひもで束ねて出すか、丈夫なビニール袋に入れて出す。長さが1m以上のものは「大型ごみ」,つ
可燃ゴミ,ティッシュペーパー,丈夫な紙袋に入れて出す。,て
資源ゴミ,ティッシュボックス(紙製空き箱),取り出し口のフィルムをはずして、箱をたたみ、ひもで縛ってまとめて出す。取り出し口のフィルムは「リサイクルプラ」,て
その他プラ,DVD（ディスク）,透明または半透明のビニール袋に入れて出す。,て
大型ゴミ,DVDプレーヤー・DVDレコーダー,最長の辺の長さまたは最大径が30cm未満のものは「不燃ごみ」,て
不燃ゴミ,鉄アレイ,丈夫なビニール袋に入れて出す。,て
その他プラ,手袋 ゴム・ビニール製,透明または半透明のビニール袋に入れて出す。,て
資源ゴミ,手袋 毛糸・木綿,丈夫な袋に入れて出す。,て
大型ゴミ,テーブル(机),,て
家電リサイクル法対象機器,テレビ 液晶式・プラズマ式・ブラウン管式,,て
大型ゴミ,テレビ台,,て
不燃ゴミ,電気あんか,丈夫なビニール袋に入れて出す。最長の辺の長さまたは最大径が30cm以上のものは「大型ごみ」,て
大型ゴミ,電気カーペット,,て
不燃ゴミ,電気カミソリ,丈夫なビニール袋に入れて出す。,て
不燃ゴミ,電気コード,丈夫なビニール袋に入れて出す。,て
不燃ゴミ,電気コードリール,丈夫なビニール袋に入れて出す。最長の辺の長さまたは最大径が30cm以上のものは「大型ごみ」,て
不燃ゴミ,電気コンロ,丈夫なビニール袋に入れて出す。最長の辺の長さまたは最大径が30cm以上のものは「大型ごみ」,て
大型ゴミ,電気掃除機,最長の辺の長さまたは最大径が30cm未満のものは「不燃ごみ」,て
不燃ゴミ,電気ポット,丈夫なビニール袋に入れて出す。,て
大型ゴミ,電気毛布,,て
不燃ゴミ,電球,破裂すると危ないので、新聞紙などに包み、丈夫なビニール袋に入れて出す。蛍光式（水銀を使用したもの）は「有害ごみ」,て
大型ゴミ,電子オルガン,,て
不燃ゴミ,電子体温計(デジタル式),丈夫なビニール袋に入れて出す。,て
大型ゴミ,電子レンジ,,て
大型ゴミ,電磁誘導加熱式調理器(電磁調理器),最長の辺の長さまたは最大径が30cm未満のものは「不燃ごみ」,て
不燃ゴミ,電卓,丈夫なビニール袋に入れて出す。,て
有害ゴミ,電池 充電式電池,資源ごみとは袋を分けて、ビニール袋に入れて「有害」と書いて出す。（収集日は「資源ごみ」と同じ日）できるだけ販売店などの店頭回収を利用してください。,て
有害ゴミ,電池 ボタン型電池,資源ごみとは袋を分けて、ビニール袋に入れて「有害」と書いて出す。（収集日は「資源ごみ」と同じ日）できるだけ販売店などの店頭回収を利用してください。,て
有害ゴミ,電池 その他,資源ごみとは袋を分けて、ビニール袋に入れて「有害」と書いて出す。（収集日は「資源ごみ」と同じ日）できるだけ販売店などの店頭回収を利用してください。,て
大型ゴミ,電動アシスト自転車,バッテリーは市では収集できませんので、取り外して、販売店などの店頭回収を利用してください。,て
不燃ゴミ,電話機(FAXを含む),丈夫なビニール袋に入れて出す。最長の辺の長さまたは最大径が30cm以上のものは「大型ごみ」,て
大型ゴミ,電話台,最長の辺の長さまたは最大径が30cm未満のものは「不燃ごみ」,て
---,電話帳,,て
不燃ゴミ,陶磁器,丈夫なビニール袋に入れて出す。食料品用・飲料用以外のもので、最長の辺の長さまたは最大径が30cm以上のものは「大型ごみ」,と
大型ゴミ,灯油用ポリタンク,最長の辺の長さまたは最大径が30cm未満のものは「その他プラ」,と
不燃ゴミ,時計 腕時計,丈夫なビニール袋に入れて出す。,と
不燃ゴミ,時計 目覚まし時計,丈夫なビニール袋に入れて出す。最長の辺の長さまたは最大径が30cm以上のものは「大型ごみ」,と
大型ゴミ,時計 柱時計,最長の辺の長さまたは最大径が30cm未満のものは「不燃ごみ」,と
資源ゴミ,トースター(パン焼き),丈夫な袋に入れて出す。最長の辺の長さまたは最大径が30cm以上のものは「大型ごみ」,と
不燃ゴミ,トタン,ひもで縛ってまとめるか、丈夫なビニール袋に入れて出す。最長の辺の長さまたは最大径が30cm以上のものは「大型ごみ」,と
不燃ゴミ,土鍋,丈夫なビニール袋に入れて出す。,と
不燃ゴミ,ドライヤー,丈夫なビニール袋に入れて出す。,と
資源ゴミ,塗料缶 中身なし,丈夫な袋に入れて出す。,と
---,塗料缶 中身あり,,と
リサイクルプラ,トレイ 発泡トレイ(肉・魚・野菜等のトレイ),きれいに洗うなどして、透明または半透明のビニール袋に入れて出す。できるだけスーパーなどの店頭回収を利用してください。,と
リサイクルプラ,トレイ プラスチック製,透明または半透明のビニール袋に入れて出す。,と
資源ゴミ,トレイ 金属製,丈夫な袋に入れて出す。,と
不燃ゴミ,トロフィー,丈夫なビニール袋に入れて出す。最長の辺の長さまたは最大径が30cm以上のものは「大型ごみ」,と
 ,   ,,な
資源ゴミ,ナイフ,刃を新聞紙などで包んで、丈夫な袋に入れて「危険」と書いて出す。,な
その他プラ,長靴,透明または半透明のビニール袋に入れて出す。,な
資源ゴミ,なべ 金属製,丈夫な袋に入れて出す。,な
不燃ゴミ,なべ 陶磁器・ホーロー製,丈夫なビニール袋に入れて出す。,な
不燃ゴミ,なべ 耐熱ガラス製,丈夫なビニール袋に入れて出す。耐熱ガラスは、溶解温度が違うため、他のガラス類といっしょにリサイクルができません。,な
不燃ゴミ,波板 トタン,ひもで縛ってまとめるか。丈夫なビニール袋に入れて出す。最長の辺の長さまたは最大径が1m以上のものは「大型ごみ」 ,な
その他プラ,波板 プラスチック製,30cm未満に切って、透明または半透明のビニール袋に入れて出す。最長の辺の長さまたは最大径が30cm以上1m未満のものは「不燃ごみ」、1m以上のものは「大型ごみ」  ,な
 ,   ,,に
その他プラ,人形 プラスチック製,透明または半透明のビニール袋に入れて出す。,に
可燃ゴミ,人形 木製・紙製,丈夫な紙袋に入れて出す。,に
不燃ゴミ,人形 その他,丈夫なビニール袋に入れて出す。,に
不燃ゴミ,ぬいぐるみ 電子機器を内蔵しているもの,丈夫なビニール袋に入れて出す。最長の辺の長さまたは最大径が30cm以上のものは、切って小さくして出してください。小さくできない場合は「大型ごみ」,ぬ
その他プラ,ぬいぐるみ 電子機器を内蔵していないもの,透明または半透明のビニール袋に入れて出す。最長の辺の長さまたは最大径が30cm以上のものは、切って小さくして出してください。小さくできない場合は「大型ごみ」,ぬ
資源ゴミ,布類(じゅうたん・布団・毛布を除く),ひもで縛ってまとめるか、丈夫な袋に入れて出す。,ぬ
資源ゴミ,ネクタイ,丈夫な袋に入れて出す。,ね
リサイクルプラ,ネット(果物・野菜用),透明または半透明のビニール袋に入れて出す。,ね
不燃ゴミ,粘土  ,丈夫なビニール袋に入れて出す。紙粘土は「可燃ごみ」,ね
 ---,農薬,,の
資源ゴミ,のこぎり,刃を新聞紙などで包んで、丈夫な袋に入れて「危険」と書いて出す。,の
資源ゴミ,ノート  ,ひもで縛ってまとめて出す。,の
不燃ゴミ,灰,水でぬらして、丈夫なビニール袋に入れて出す。,は
---,バイク・原動機付自転車及びその部品,,は
不燃ゴミ,バインダー 金具がはずせないもの,丈夫なビニール袋に入れて出す。,は
その他プラ,バインダー プラスチック製,透明または半透明のビニール袋に入れて出す。金具は「不燃ごみ」,は
資源ゴミ,バインダー 紙製,ひもで縛ってまとめて出す。金具は「不燃ごみ」,は
資源ゴミ,はがき,ひもで縛ってまとめるか、丈夫な袋に入れて出す。,は
不燃ゴミ,はかり(キッチンスケール) 金属製,丈夫なビニール袋に入れて出す。,は
不燃ゴミ,はかり(キッチンスケール) プラスチック製,丈夫なビニール袋に入れて出す。,は
不燃ゴミ,白熱灯(電球),破裂すると危ないので、新聞紙などに包み、丈夫なビニール袋に入れて出す。,は
資源ゴミ,バケツ 金属製,丈夫な袋に入れて出す。最長の辺の長さまたは最大径が30cm以上のものは「大型ごみ」,は
その他プラ,バケツ プラスチック製,透明または半透明のビニール袋に入れて出す。最長の辺の長さまたは最大径が30cm以上のものは「大型ごみ」,は
資源ゴミ,はさみ,刃を新聞紙などで包んで、丈夫な袋に入れて「危険」と書いて出す。,は
大型ゴミ,はしご,,は
不燃ゴミ,バスポンプ,丈夫なビニール袋に入れて出す。,は
その他プラ,バスマット,30cm未満に切って、透明または半透明のビニール袋に入れて出す。切断が難しい場合は、ひもなどで束ねて「不燃ごみ」,は
---,パソコン(本体・ディスプレイ),,は
品目「かばん」に掲載しています。,バッグ,,は
---,バッテリー(蓄電池),,は
可燃ゴミ,バット 木製,丈夫な紙袋に入れて出す。,は
不燃ゴミ,バット 金属製,丈夫なビニール袋に入れて出す。,は
リサイクルプラ,発泡スチロール 商品を保護するもの,30cm未満に切って、透明または半透明のビニール袋に入れて出す。,は
その他プラ,発泡スチロール 商品を保護するもの以外,30cm未満に切って、透明または半透明のビニール袋に入れて出す。,は
可燃ゴミ,花殻(草),丈夫な紙袋に入れて出す。,は
可燃ゴミ,花火,水でぬらして、丈夫な紙袋に入れて少しずつ出す。,は
その他プラ,歯ブラシ プラスチック製,透明または半透明のビニール袋に入れて出す。,は
不燃ゴミ,歯ブラシ 電動,丈夫なビニール袋に入れて出す。,は
不燃ゴミ,ハーモニカ,丈夫なビニール袋に入れて出す。,は
大型ゴミ,パラボラアンテナ,最長の辺の長さまたは最大径が30cm未満のものは「不燃ごみ」,は
不燃ゴミ,針,新聞紙などに包んで、丈夫なビニール袋に入れて「危険」と書いて出す。,は
資源ゴミ,ハンカチ,丈夫な袋に入れて出す。,は
可燃ゴミ,ハンガー 木製,丈夫な紙袋に入れて出す。,は
その他プラ,ハンガー プラスチック製,透明または半透明のビニール袋に入れて出す。,は
不燃ゴミ,ハンガー 金属製,丈夫なビニール袋に入れて出す。,は
資源ゴミ,ハンドバッグ 布製,丈夫な袋に入れて出す。,は
その他プラ,ハンドバッグ ビニール製,透明または半透明のビニール袋に入れて出す。,は
不燃ゴミ,ハンドバッグ 皮革製,丈夫なビニール袋に入れて出す。,は
不燃ゴミ,ハンドミキサー,丈夫なビニール袋に入れて出す。,は
 ,   ,,ひ
不燃ゴミ,ピアニカ,丈夫なビニール袋に入れて出す。最長の辺の長さまたは最大径が30cm以上のものは「大型ごみ」,ひ
---,ピアノ,,ひ
その他プラ,ピクニックシート(レジャーシート),30cm未満に切って、透明または半透明のビニール袋に入れて出す。切断が難しい場合は、ひもなどで束ねて「不燃ごみ」,ひ
不燃ゴミ,ヒーター(セラミック),丈夫なビニール袋に入れて出す。最長の辺の長さまたは最大径が30cm以上のものは「大型ごみ」,ひ
不燃ゴミ,ビデオカメラ,丈夫なビニール袋に入れて出す。最長の辺の長さまたは最大径が30cm以上のものは「大型ごみ」,ひ
その他プラ,ビデオテープ,透明または半透明のビニール袋に入れて出す。,ひ
その他プラ,ビデオテープのケース,透明または半透明のビニール袋に入れて出す。,ひ
大型ゴミ,ビデオデッキ,最長の辺の長さまたは最大径が30cm未満のものは「不燃ごみ」,ひ
その他プラ,ビニールクロス,30cm未満に切って、透明または半透明のビニール袋に入れて出す。切断が難しい場合は、ひもなどで束ねて「不燃ごみ」,ひ
その他プラ,ビニールシート,30cm未満に切って、透明または半透明のビニール袋に入れて出す。切断が難しい場合は、ひもなどで束ねて「不燃ごみ」,ひ
その他プラ,ビニールホース,30cm未満に切って、透明または半透明のビニール袋に入れて出す。切断が難しい場合は、ひもなどで束ねて「不燃ごみ」,ひ
不燃ゴミ,火鉢・七輪,丈夫なビニール袋に入れて出す。最長の辺の長さまたは最大径が30cm以上のものは「大型ごみ」,ひ
資源ゴミ,ビールびん,中を洗ってきれいにして、丈夫な袋に入れて出す。できるだけ販売店に返却してください。,ひ
不燃ゴミ,ビールびんのフタ,丈夫なビニール袋に入れて出す。,ひ
不燃ゴミ,びん(ガラス) 化粧品用（乳白色びんとマニキュアのびん）,丈夫なビニール袋に入れて出す。,ひ
資源ゴミ,びん(ガラス) 化粧品用（乳白色びんとマニキュアのびん以外のびん）,中を洗ってきれいにして、丈夫な袋に入れて出す。平成23年度から分別区分が「資源ごみ」になりました。,ひ
資源ゴミ,びん(ガラス) 薬・飲料・食料品等用,中を洗ってきれいにして、丈夫な袋に入れて出す。ビールびんや一升びんなどのくり返し使用できるびんは、できるだけ販売店に返却してください。,ひ
大型ゴミ,ファクシミリ,最長の辺の長さまたは最大径が30cm未満のものは「不燃ごみ」,ふ
大型ゴミ,ファンヒーター,,ふ
その他プラ,フィルム(ネガ),透明または半透明のビニール袋に入れて出す。,ふ
大型ゴミ,ふとん,,ふ
可燃ゴミ,ふとんの中綿,丈夫な紙袋に入れて出す。量が多い場合は、小分けにして、1回に2、3袋ずつ出してください。,ふ
大型ゴミ,ふとん乾燥機,最長の辺の長さまたは最大径が30cm未満のものは「不燃ごみ」,ふ
資源ゴミ,フライパン,丈夫な袋に入れて出す。,ふ
大型ゴミ,ブラインド,,ふ
家電リサイクル法対象機器,ブラウン管式のテレビ,,ふ
大型ゴミ,ぶら下がり式健康器具,,ふ
家電リサイクル法対象機器,プラズマテレビ,,ふ
その他プラ,プラモデル,透明または半透明のビニール袋に入れて出す。,ふ
大型ゴミ,ブランコ,,ふ
その他プラ,プランター,透明または半透明のビニール袋に入れて出す。最長の辺の長さまたは最大径が30cm以上のものは「大型ごみ」,ふ
大型ゴミ,プリンター,最長の辺の長さまたは最大径が30cm未満のものは「不燃ごみ」,ふ
資源ゴミ,古着(布類),ひもで縛ってまとめるか、丈夫な袋に入れて出す。,ふ
その他プラ,ブルーシート（ビニールシート）,30cm未満に切って、透明または半透明のビニール袋に入れて出す。切断が難しい場合は、ひもなどで束ねて「不燃ごみ」,ふ
その他プラ,ブルーレイディスク,透明または半透明のビニール袋に入れて出す。,ふ
大型ゴミ,ブルーレイディスクプレーヤー・レコーダー,最長の辺の長さまたは最大径が30cm未満のものは「不燃ごみ」,ふ
不燃ゴミ,ブロック(コンクリート),少量ずつ(2個程度)、丈夫なビニール袋に入れて出す。一度に多量に出されると、市では収集できません。(自己搬入または許可業者へ依頼),ふ
不燃ゴミ,フロッピーディスク,丈夫なビニール袋に入れて出す。,ふ
可燃ゴミ,風呂の手桶 木製,丈夫な紙袋に入れて出す。,ふ
その他プラ,風呂の手桶 プラスチック製,透明または半透明のビニール袋に入れて出す。,ふ
大型ゴミ,風呂のふた(プラスチック製),巻いた時の最長の辺の長さが1m未満のものは「不燃ごみ」,ふ
大型ゴミ,風呂の浴槽,,ふ
---,プロパンガスボンベ,,ふ
可燃ゴミ,ふん(ペットのふん),少量ずつ新聞紙などに包んで、丈夫な紙袋に入れて出す。,ふ
不燃ゴミ,噴霧器,丈夫なビニール袋に入れて出す。最長の辺の長さまたは最大径が30cm以上のものは「大型ごみ」,ふ
大型ゴミ,ベッド(本体),,へ
大型ゴミ,ベッドのマットレス,,へ
ペットボトル,ペットボトル 飲料・酒類・みりん類・酢類・しょうゆ類・めんつゆ・ノンオイルドレッシング用,キャップとラベルをはずして中を洗い、軽くつぶして、透明または半透明のビニール袋に入れて出す。キャップとラベルはリサイクルプラ(紙ラベルは可燃ごみ),へ
リサイクルプラ,ペットボトル 食用油・ソース・ノンオイルでないドレッシング・洗剤用など,キャップとラベルをはずして中を洗い、透明または半透明のビニール袋に入れて出す。キャップとラベルはリサイクルプラ(紙ラベルは可燃ごみ),へ
可燃ゴミ,ペットのふん、砂,少量ずつ新聞紙などに包んで、丈夫な紙袋に入れて出す。,へ
大型ゴミ,ペット用のカゴ・小屋,,へ
大型ゴミ,ベビーカー,,へ
大型ゴミ,ベビーバス,,へ
大型ゴミ,ベビーベット,,へ
不燃ゴミ,ヘルスメーター(体重計),丈夫なビニール袋に入れて出す。最長の辺の長さまたは最大径が30cm以上のものは「大型ごみ」,へ
不燃ゴミ,ベルト(皮製・合皮製),丈夫なビニール袋に入れて出す。,へ
不燃ゴミ,ヘルメット,丈夫なビニール袋に入れて出す。,へ
資源ゴミ,ペンキの缶 中身なし,丈夫な袋に入れて出す。,へ
---,ペンキの缶 中身あり,,へ
大型ゴミ,便器(おまる),,へ
資源ゴミ,便座カバー(布製),丈夫な袋に入れて出す。,へ
資源ゴミ,ペンチ,丈夫な袋に入れて出す。,へ
その他プラ,弁当箱 プラスチック製,透明または半透明のビニール袋に入れて出す。,へ
資源ゴミ,弁当箱 アルミ製,丈夫な袋に入れて出す。,へ
リサイクルプラ,弁当ガラ(プラスチック製容器),きれいに洗うなどして、透明または半透明のビニール袋に入れて出す。,へ
可燃ゴミ,ほうき 木製・竹製,30cm未満に切って、ひもで束ねて出すか、丈夫な紙袋に入れて出す。長さが1m以上のものは「大型ごみ」,ほ
その他プラ,ほうき プラスチック製,30cm未満に切って、ひもで束ねて出すか、透明または半透明のビニール袋に入れて出す。長さが30cm以上1m未満のものは「不燃ごみ」、1m以上のものは「大型ごみ」,ほ
資源ゴミ,帽子,丈夫な袋に入れて出す。,ほ
資源ゴミ,包丁,刃を新聞紙などで包んで、丈夫な袋に入れて「危険」と書いて出す。,ほ
不燃ゴミ,ボウリングボール,丈夫なビニール袋に入れて出す。,ほ
その他プラ,ボウル(食器用) プラスチック製,透明または半透明のビニール袋に入れて出す。,ほ
資源ゴミ,ボウル(食器用) 金属製,丈夫な袋に入れて出す。,ほ
不燃ゴミ,ボストンバッグ 皮革製,丈夫なビニール袋に入れて出す。,ほ
その他プラ,ボストンバッグ ビニール製,透明または半透明のビニール袋に入れて出す。,ほ
その他プラ,ボタン プラスチック製,透明または半透明のビニール袋に入れて出す。,ほ
不燃ゴミ,ボタン 金属製,丈夫なビニール袋に入れて出す。,ほ
不燃ゴミ,ホチキス(ステープラー),丈夫なビニール袋に入れて出す。,ほ
不燃ゴミ,ホチキス(ステープラー)の針,丈夫なビニール袋に入れて出す。,ほ
不燃ゴミ,ポット(湯沸・保温用),丈夫なビニール袋に入れて出す。,ほ
大型ゴミ,ホットプレート,,ほ
不燃ゴミ,哺乳びん 耐熱ガラス製,丈夫なビニール袋に入れて出す。,ほ
その他プラ,哺乳びん プラスチック製,透明または半透明のビニール袋に入れて出す。,ほ
可燃ゴミ,ポラロイド写真,丈夫な紙袋に入れて出す。,ほ
大型ゴミ,ポリタンク 灯油用,最長の辺の長さまたは最大径が30cm未満のものは「その他プラ」,ほ
その他プラ,ポリタンク 飲料用,透明または半透明のビニール袋に入れて出す。,ほ
その他プラ,ポリバケツ,透明または半透明のビニール袋に入れて出す。最長の辺の長さまたは最大径が30cm以上のものは「大型ごみ」,ほ
不燃ゴミ,ボール 皮製,丈夫なビニール袋に入れて出す。,ほ
その他プラ,ボール ゴム製,透明または半透明のビニール袋に入れて出す。,ほ
資源ゴミ,ボール紙,ひもで縛ってまとめて出す。,ほ
その他プラ,ボールペン,透明または半透明のビニール袋に入れて出す。,ほ
不燃ゴミ,保冷材・保冷まくら(アイスノン),丈夫なビニール袋に入れて出す。,ほ
大型ゴミ,本棚(本箱),,ほ
不燃ゴミ,マグネット(磁石),丈夫なビニール袋に入れて出す。,ま
可燃ゴミ,まくら 中身がそば殻・羽毛等,丈夫な紙袋に入れて出す。,ま
その他プラ,まくら 中身がプラスチックチップ・スポンジ等,透明または半透明のビニール袋に入れて出す。,ま
その他プラ,マジック(フェルトペン),透明または半透明のビニール袋に入れて出す。,ま
大型ゴミ,マッサージ器,,ま
大型ゴミ,マッサージチェア,,ま
可燃ゴミ,マッチ,水でぬらして、丈夫な紙袋に入れて少しずつ出す。,ま
大型ゴミ,マットレス ベッドのマットレス,,ま
大型ゴミ,マットレス 布団の下に敷くもの,30cm未満に切れるものは「その他プラ」、最長の辺の長さまたは最大径が30cm以上1m未満のものは「不燃ごみ」,ま
その他プラ,マットレス キッチン用・浴室用・玄関用,30cm未満に切って、透明または半透明のビニール袋に入れて出す。切断が難しい場合は、ひもなどで束ねて「不燃ごみ」,ま
可燃ゴミ,まな板 木製,丈夫な紙袋に入れて出す。,ま
その他プラ,まな板 プラスチック製,透明または半透明のビニール袋に入れて出す。,ま
不燃ゴミ,魔法瓶,丈夫なビニール袋に入れて出す。,ま
リサイクルプラ,マヨネーズのチューブ,中身を使いきって、付着物を取り除いて、透明または半透明のビニール袋に入れて出す。キャップとラベルはリサイクルプラ(紙ラベルは可燃ごみ),ま
不燃ゴミ,万年筆,丈夫なビニール袋に入れて出す。,ま
 ,   ,,み
リサイクルプラ,みかん等が入った網・ネット,透明または半透明のビニール袋に入れて出す。,み
不燃ゴミ,ミキサー,丈夫なビニール袋に入れて出す。最長の辺の長さまたは最大径が30cm以上のものは「大型ごみ」,み
大型ゴミ,ミシン,最長の辺の長さまたは最大径が30cm未満のものは「不燃ごみ」,み
大型ゴミ,ミニディスク(MD)レコーダー,最長の辺の長さまたは最大径が30cm未満のものは「不燃ごみ」,み
資源ゴミ,みりんの容器 ガラス製,中を洗ってきれいにして、丈夫な袋に入れて出す。,み
ペットボトル,みりんの容器 ペットボトル,キャップとラベルをはずして中を洗い、軽くつぶして、透明又は半透明のビニール袋に入れて出す。キャップとラベルはリサイクルプラ(紙ラベルは可燃ごみ),み
可燃ゴミ,みりんの容器 紙製,丈夫な紙袋に入れて出す。,み
可燃ゴミ,麦わら帽子,丈夫な紙袋に入れて出す。,む
不燃ゴミ,虫めがね,丈夫なビニール袋に入れて出す。,む
可燃ゴミ,むしろ  ,50cm程度に切って、丸めて(折り畳んで)ひもで縛って出す。最長の辺の長さまたは最大径が1m以上のものは「大型ごみ」,む
資源ゴミ,名刺,紙の封筒に入れるなどして出す。,め
不燃ゴミ,めがね(眼鏡),丈夫なビニール袋に入れて出す。,め
リサイクルプラ,目薬の携帯ケース,透明または半透明のビニール袋に入れて出す。,め
リサイクルプラ,目薬の容器(ボトル),中身を使いきって、透明または半透明のビニール袋に入れて出す。キャップとラベルはリサイクルプラ(紙ラベルは可燃ごみ),め
可燃ゴミ,綿棒  ,丈夫な紙袋に入れて出す。,め
 ,   ,,も
大型ゴミ,毛布,,も
---,モーター,,も
大型ゴミ,物置,,も
可燃ゴミ,ものさし 木製,丈夫な紙袋に入れて出す。,も
その他プラ,ものさし プラスチック製,透明または半透明のビニール袋に入れて出す。,も
資源ゴミ,ものさし 金属製,丈夫な袋に入れて出す。,も
大型ゴミ,物干し竿,,も
大型ゴミ,物干し台,ブロック部分のみの場合はごみであることがわかるような表示等をして「不燃ごみ」 ,も
資源ゴミ,やかん  ,丈夫な袋に入れて出す。,や
資源ゴミ,ヤッケ(ウインドブレーカー),ひもで縛ってまとめるか、丈夫な袋に入れて出す。,や
 ,   ,,ゆ
大型ゴミ,湯沸器  ,,ゆ
大型ゴミ,浴槽,,よ
可燃ゴミ,ヨーグルトのカップ 紙製,丈夫な紙袋に入れて出す。,よ
リサイクルプラ,ヨーグルトのカップ プラスチック製,きれいに洗うなどして、透明または半透明のビニール袋に入れて出す。,よ
不燃ゴミ,ヨーグルトのふた アルミ製,丈夫なビニール袋に入れて出す。,よ
リサイクルプラ,ヨーグルトのふた プラスチック製,きれいに洗うなどして、透明または半透明のビニール袋に入れて出す。,よ
不燃ゴミ,ライター(使い捨てライター),必ず中身を空にして（使いきるか、または火の気のない風通しの良い屋外でガスを抜くなどして）丈夫なビニール袋に入れて出す。,ら
不燃ゴミ,ラケット テニス用バトミントン用,丈夫なビニール袋に入れて出す。,ら
可燃ゴミ,ラケット 卓球用,丈夫な紙袋に入れて出す。,ら
不燃ゴミ,ラジオ,丈夫なビニール袋に入れて出す。最長の辺の長さまたは最大径が30cm以上のものは「大型ごみ」,ら
大型ゴミ,ラジカセ,最長の辺の長さまたは最大径が30cm未満のものは「不燃ごみ」,ら
その他プラ,ラップ 家庭で使用したもの,透明または半透明のビニール袋に入れて出す。,ら
リサイクルプラ,ラップ 商品の包装に使われていたもの,透明または半透明のビニール袋に入れて出す。,ら
不燃ゴミ,ランチジャー,丈夫なビニール袋に入れて出す。,ら
不燃ゴミ,ランドセル,丈夫なビニール袋に入れて出す。,ら
大型ゴミ,ランニング機,,ら
品目「かばん」に掲載しています。,リュックサック ,,り
不燃ゴミ,リール(釣り道具),丈夫なビニール袋に入れて出す。,り
リサイクルプラ,りんご等を包む発泡スチロール製ネット,透明または半透明のビニール袋に入れて出す。,り
 ,掲載なし  ,,る
家電リサイクル法対象機器,冷蔵庫・冷凍庫,,れ
その他プラ,レインコート,透明または半透明のビニール袋に入れて出す。,れ
その他プラ,レコード盤,透明または半透明のビニール袋に入れて出す。,れ
大型ゴミ,レコードプレーヤー,,れ
リサイクルプラ,レジ袋,透明または半透明のビニール袋に入れて出す。,れ
その他プラ,レジャーシート(ピクニックシート),30cm未満に切って、透明または半透明のビニール袋に入れて出す。切断が難しい場合は、ひもなどで束ねて「不燃ごみ」,れ
リサイクルプラ,レトルトパック(カレー等),中身を残さないように、きれいにして透明または半透明のビニール袋に入れて出す。,れ
不燃ゴミ,れんが,少量ずつ(2、3個程度)、丈夫なビニール袋に入れて出す。一度に多量に出されると、市では収集できません。(自己搬入または許可業者へ依頼),れ
大型ゴミ,レンジ(ガス・電子),,れ
その他プラ,レンジフード プラスチック製,透明または半透明のビニール袋に入れて出す。,れ
不燃ゴミ,レンジフード 金属製,丈夫なビニール袋に入れて出す。,れ
不燃ゴミ,レンズ,丈夫なビニール袋に入れて出す。,れ
可燃ゴミ,ろうそく,丈夫な紙袋に入れて出す。,ろ
大型ゴミ,ロッカー（家庭用）,,ろ
その他プラ,ロープ ビニール製ナイロン製,30cm未満に切って、透明または半透明のビニール袋に入れて出す。切断が難しい場合は、ひもなどで束ねて「不燃ごみ」,ろ
可燃ゴミ,ロープ 綿・麻,30cm未満に切って、紙袋に入れて出す。切断が難しい場合は、ひもなどで束ねて「不燃ごみ」,ろ
 ,ロープ  ,,ろ
資源ゴミ,ワイシャツ,丈夫な袋に入れて出す。,わ
その他プラ,輪ゴム,透明または半透明のビニール袋に入れて出す。,わ
大型ゴミ,ワゴン(家具),,わ
可燃ゴミ,綿,丈夫な紙袋に入れて出す。,わ
資源ゴミ,綿入りはんてん,丈夫な袋に入れて出す。,わ
大型ゴミ,和だんす,,わ
大型ゴミ,ワードプロセッサー(ワープロ),最長の辺の長さまたは最大径が30cm未満のものは「不燃ごみ」,わ
資源ゴミ,和服,丈夫な袋に入れて出す。,わ
可燃ゴミ,わら製品(民芸品等),丈夫な紙袋に入れて出す。,わ
可燃ゴミ,割り箸  ,丈夫な紙袋に入れて出す。,わ
